"Island","Distance_m"
"Cayo Media Luna",159499.436248581
"Cayo Güincho",140728.764844313
"Cayo Moa Grande",167804.387327301
"Cayo Algodón Grande",60917.2171371842
"Cayo Punta de los Machos",27901.9829310018
"Cayo Balandras",24099.284037373
"Cayo Providencia",23721.6759083633
"Hog Cay",148779.279853379
"Margaret Cay",143013.915463765
"Cayo Antón Chico",41881.7388743917
"Cayo Romano",64372.6581943309
"Cayo Salinas",81740.3701321968
"Cayo El Sapo",31701.9774947066
"Cotton Cay",157052.586056952
"Anguilla Cay",165665.085677258
"Cayos Pingues",119479.426090433
"Cayo Guanal",58417.7418255416
"Cayos de la Enfermeria",161027.490184638
"Las Picus",185326.19543577
"Cayo Esquivel del Sur",178169.375141656
"Cayo Empalizada de Sotavento",186952.855456566
"Long",93736.9364994306
"Cayo Las Caguamas",128265.441913846
"Cayo Piedra Grande",97215.6857859071
"Cayo Punta Iguna",121309.082024462
"Cayo Miraflores",92270.2656273233
"Cayo Mangle Alto",82254.4833351415
"Cayo Grande",77486.4710943461
"Cayo Guásimas",19290.8916927163
"Cayo Ávalos",70499.2865282028
"Cayo Hicacos",50824.7431480676
"Cayo Matías",43228.1338434279
"Cayo Campos",56549.6309717555
"Cayo Palma",51403.2376450297
"Cayo Rico",122116.137702106
"Cayo Rabihorcado",39507.0545236255
"Cayo Cantiles",83001.4118557926
"Cayo Estopa",108008.532581064
"Cayo del Rosario",98126.8880788095
"Cayo Divisa de Piedra",102743.687331343
"Cayo Largo",140052.093274507
"Cayo San Juan",30820.0056483453
"Cayo Sifonte",131893.287928386
"Cayo Guao",128876.897016494
"Cayo Doña María",31372.2491120262
"Cayo Traviesa",107096.536548239
"Cayo de Navío",34205.6292645122
"Cayo Guajaba",117280.138141469
"Cayo Quitasol",34626.9800484667
"Cayo Montañés",108229.137272831
"Cayo La Alegría",106244.298956978
"Cayo Coco.1",65916.2639702076
"Cayo Real",84213.1578478066
"Cayo Flamenco",136170.354980998
"Cayo Rancho de Cándido",168518.258005646
"Cayo Redondo",41423.0956309096
"Cayo Alacrán Chico",42985.6623201738
"Cayo Ernest Thaelmann",157410.093698329
"Cayo Diego Pérez",138320.663134881
"Cayo de la Pipa",50576.4107564416
"Cayo Juan Ruíz",109586.884801576
"Little Ragged Island",158935.129592976
"Cayo del Masío",136365.113290498
"Ragged Island",155072.251339725
"Cayo La Grifa",60976.0305940352
"Cayo Cuarto",63735.2990472672
"Cayo Judas",29594.1543035386
"Cayo Cruz",70871.6517841877
"Cayo Mégano Grande",57067.1830257306
"Raccoon Cay",135372.585593727
"Cayo de Buenavista",181403.956758744
"Cayo Antón Grande",37326.8759805109
"Bonavista Cay",127895.607000049
"Cayo Lucas",85513.2962414472
"Cayo La Aguada",90510.1823353012
"Nurse Cay",123707.61434582
"Cayo Paredón Grande",29435.6753104967
"Cayo Mal País",101964.917517515
"Cayo Rapado Grande",178745.77493445
"Cayo Boca Ciega",69579.8993027837
"Cayo Diego",174807.671505723
"Cayo Botella",23230.5387849138
"Cayo Pueblo Viejo",79879.6922315697
"Cayo Guzmán",102384.359418523
"Cayo La Potala",79002.0605573201
"Cayo Guillermo",26245.9238188596
"Cayo Iguana",57965.9515970975
"Cayo Tío Pepe",75238.0953959326
"Cayo Punta Tierra del Guzmán",107668.508181027
"Cayo La Vieja Pepilla",64649.4077328402
"Cayo Francés",79513.8784314624
"Cayo Majá",68535.8230216577
"Long Cay",22072.6704416477
"Cayo Redondo.1",156713.427070513
"Cayo Coruita",153691.545589787
"Cayo Fragoso",109155.807461885
"Cayo Inés de Soto",159462.252645726
"Cayo del Medio de Marcos",129996.275248163
"Cayo Marcos",132825.497328149
"Cayo Levisa",151826.695714893
"Cayo Lanzanillo",147437.810015002
"Cayo Tumba la Olla",161243.24985847
"Cayo Los Quitasoles",156124.788276456
"Cayo Hachuela",163702.577513695
"Cayo Mariposa",164948.110665987
"Cayo de la Cruz",168311.359529742
"Cayo Las Picúas",195464.687897645
"Cayo Iguana.1",172080.992085757
"Los Conucos",191329.49039381
"Cayo del Cristo",171473.490552087
"Cayo Piedra del Obispo",193178.460341209
"Cayo La Yana",201163.195930176
"Cayo Blanquizal",215159.626243395
"Cayo Genovés",258242.411137525
"Cayo Bahía de Cádiz",223881.694252339
"Cayo Cabezos",235186.361572944
"Cayo Anclitas",88435.4033962988
"Cayo Grande.1",72493.1065055053
"Cayo Grande.2",72318.6634562921
"Cayos Cinco Balas",71293.6932787488
"Cayos Cinco Balas.1",69662.381255919
"Cayos Cinco Balas.2",71199.2001594972
"Cayos Cinco Balas.3",69486.0919407929
"Cayos los Cayuelos",33519.6146242606
"Cayos Aguardiente",62021.1916102763
"Cayos Aguardiente.1",65143.933756823
"Cayo Coco.2",44698.9754876143
"Cayo del Pasaje",92049.1739701943
"Cayo San Juan.1",33626.5474664571
"Cayos Boca de Alonso",39033.3518902564
"Cayo de los Indios",38985.4920136009
"Cayos de San Felipe",73766.1296586219
"Cayo Grande.3",37640.7852493856
"Cayo Grande.4",39007.9081380866
"Cayo Grande.5",39033.9328094397
"Castle",49340.5611195666
"Cayos de la Herradura",74154.0383123322
"Cayo Jutias",173351.569920347
"Cayeria Las Cayamas",106232.157057111
"Cayeria Las Cayamas.1",109030.875103566
"Cayeria Las Cayamas.2",111033.255025921
"Cayo Santa Maria",61150.4239200983
"Cayos Pajonal",136341.866063292
"Cayo Medano de Casiguas",150370.143910716
"Cayos Jutias",154588.172447162
"Cayos Dromedarios",159456.60776451
"Cayos de las Cinco Leguas",255801.825320548
"Long.1",87419.8668414513
"Long.2",91849.1159135997
"Long.3",88175.0975925722
"Cayos Falcones",229958.583487955
"Long.4",83707.9889519229
"Cayos Blancos",252952.274104669
"Cayo Puerco",242967.204033638
"Maycock Cay",144555.749980255
"Cayo Los Cayuelos",84968.3968492983
"Flamingo Cay",77644.0271717062
"Isla Beata",151045.29177589
"Île à Vache",267203.736921036
"Isla Saona",83941.7220490572
"Île Grosse Caye",238570.057161295
"Isla Catalina",121700.494924838
"Île Corny",256216.117340295
"Petite Cayemite",270539.197781513
"Grande Cayemite",264208.040658985
"Île de la Gonâve",188079.811135095
"Great Goat Island",41089.5101317695
"Pineros",21356.8385046191
"Gaspar Grande",47655.5611064346
"Chacachacare",57620.631569152
"Monos",52206.462812698
"North Andros",53601.0420377787
"Yellow Cay",13405.3356170548
"High Ridge Cay",8106.85154429567
"Middle Bight Cay",13375.6260322046
"Reids Cay",8127.84359717466
"Pine Tree Cay",10924.3934340162
"Madiera Cay",15376.4799959748
"Pine Cay",10479.4957770413
"Pot Cay",13809.1497260102
"Big Wood Cay",17844.1812889807
"Williams Island",75550.6033537942
"Andros.1",9128.20757987426
"Andros.2",8804.77721517751
"Andros.3",10176.9418194889
"Andros.4",16937.8459760021
"Andros.5",18194.3196069002
"Andros.6",22430.8216548752
"Andros.7",53788.4740831755
"Andros.9",72302.0131331859
"Andros.10",50122.2606198241
"Andros.11",68403.1630064159
"Andros.12",68267.5763959593
"Andros.13",71061.5577632233
"Andros.14",52269.0108876889
"Andros.15",69613.2817995999
"Andros.16",16820.6212086973
"South Andros",37519.8319803008
"Linder Cay",20621.6913674279
"Andros.17",49188.984870111
"Andros.18",59177.9925071035
"Andros.19",51643.3497979528
"Andros.20",48279.07235444
"Andros.21",53951.6886959298
"Andros.22",46931.5332106465
"Andros.23",44858.7910533721
"Andros.24",44407.0444617819
"Andros.25",36082.4375548374
"Andros.26",35241.5092077064
"Andros.27",29646.0743507638
"Andros.28",24375.3460900956
"Andros.29",18307.357747828
"Andros.30",21011.5662596573
"Andros.31",19420.0249408836
"Andros.32",22164.8384572696
"Great Abaco",119970.795225975
"Gorda Cay",105778.509569894
"Top Cay",93681.8732333418
"Moore?s Island",91823.0179052335
"Tilloo Cay",141699.058969467
"Lubbers Quarters",140404.267660666
"Long Cay.1",58107.0651800144
"Dilly Cay",138532.797240534
"Lightbourn?s Cay",53711.6724428313
"Big Lake Cay",104184.107403109
"Great Guana Cay",126086.344083588
"Green Turtle Cay",107372.302064908
"Basin Harbour Cay",91422.9497113793
"Nun Jack Cay",104455.573579261
"Randalls Cay",89275.5133941957
"Powell Cay",96050.291784866
"Wood Cay",115231.719473372
"Great Abaco.1",117254.702100507
"Great Abaco.2",118075.479546505
"Great Abaco.3",112626.107021545
"Great Abaco.4",121652.052110923
"Great Abaco.5",119446.937487592
"Great Abaco.6",114746.644042381
"Great Abaco.7",118949.013850362
"Great Abaco.9",116969.966195467
"Great Abaco.10",115464.390314559
"Great Abaco.13",119026.472479321
"Great Abaco.16",115639.597217944
"Great Abaco.17",109534.007693292
"Great Abaco.18",114004.387022615
"Great Abaco.19",119941.888462413
"Big Cross Cay",58377.8848681332
"Michael's Cay",56218.2258449185
"Big Coppice Mangrove",106172.320445779
"Big Joe Downer Cay",96537.4232940592
"Scotland Cay",131785.576902392
"Little Joe Downer Cay",95707.3251249464
"August Cay",49897.1309701016
"Man o? War Cay",51452.2102429815
"Water Cay",17161.5655390009
"Grand Bahama.1",38221.6961545212
"Grand Bahama.2",39195.5582678044
"Grand Bahama.3",36074.8421545412
"Grand Bahama.4",36975.6073681103
"Sweetings Cay",52853.9112128155
"Jackson's Cay",53501.3247662156
"Grand Bahama.5",23037.9549683458
"Grand Bahama.6",15760.0466317502
"The Bahamas",49947.7582143236
"Guadeloupe",86746.2406424099
"Marie Galante",133240.009548755
"Îlet à Fajou",77605.7286142493
"Dominica",94015.1973599981
"Hog Cay.1",57192.8987267223
"Rum Cay Island",54735.2757049792
"Crooked",30146.7665524865
"Acklins.1",31530.6107548388
"Current Island",56935.1430490466
"Harbour Island",54782.1916809776
"Russel Island",66978.8437590811
"Grand Turk",97034.0255090141
"Paradise Island",10962.8760096489
"Coakley Cay",19023.6330974545
"Bowe Cay",15964.6462083301
"Little Exuma",35417.7595135639
"Moriah Harbour Cay",26862.5649045693
"Stocking Island",15804.1328121767
"Great Exuma.1",13235.4871592286
"Great Exuma.3",17309.3917865745
"Middle Caicos",24346.9484211731
"Parrot Cay",10809.9088192174
"North Caicos.1",7549.24087677628
"North Caicos.2",8104.7388125854
"East Caicos",48476.229989069
"East Caicos.1",55994.4898416007
"Tortue",128958.667994774
"Barbuda.1",10982.2792801575
"Ronde Island",23737.7610964687
"Petite Martinique",22993.0949567685
"Carriacou Island",29859.5860307098
"Terre-de-Bas",115023.425238296
"Terre de Bas",124330.351637129
"La Désirade",116196.710003752
"Sint Eustatius",27755.2370660582
"Saba Island",59512.4059666921
"Île Saint-Barthélemy",42223.9277236802
"Dog Island",21966.0152505749
"Scrub Island",13994.2265289385
"Samana Cay",60483.909259547
"Cayo Blanco",256932.137845072
"Cayo Galindo",265344.538517853
"Cayo Cruz del Padre",262954.506582452
"Hog Cay.2",47438.731368623
"Cay Sal",239948.36330268
"Allen Cay",31610.7264183048
"Lee Stocking Island",28409.9904270503
"Norman?s Pond Cay",31945.0439935265
"Bock Cay",37390.4863550178
"Young Island",40188.1795438117
"Conception Island",66976.564894414
"Darby Island",44774.8234488761
"Rudder Cut Cay",48311.8966944562
"Cave Cay",52766.0201482616
"Big Farmer?s Cay",57441.7646988838
"Green Cay",73475.5996388101
"Great Guana Cay.1",71384.6995033238
"Staniel Cay",85814.148969643
"Big Major?s Spot",87920.1332089529
"Spanish Wells",9337.95436678374
"Sampson Cay",91787.6901021887
"Pipe Cay",95116.1848000518
"Compass Cay",92539.457343136
"Bell Island",89195.8752872501
"Halls Pond Cay",84352.4459350626
"Waderick Wells Cay",82516.9734816046
"Hawksbill Cay",79557.4712664591
"Shroud Cay",76477.6638994879
"Shroud Cay.1",75230.8473061023
"Little San Salvador",50991.9310001613
"Norman?s Cay Island",70077.6257373557
"Gold Cay",81270.4653268247
"Highbourn Cay",62858.9876026954
"Ship Channel Cay",56498.3011209331
"Bird Cay",58452.1336677102
"Frazer?s Hog Cay",63415.0037492256
"Whale Cay",56838.1550186669
"Bonds Cay",60848.8770552854
"Royal Island",69471.1920006765
"Little Harbour Cay",68678.0738061757
"Hoffman Cay",75028.4218171856
"South Bimini Cay",136480.71886763
"North Bimini",131354.144853732
"Bamboo Cay",91665.4958884387
"Great Stirrup Cay",101747.314614147
"Elbow Cay",142976.875509986
"Big Cross Cay.1",50160.7442472842
"Cross Cays",48559.1164618087
"Little Cave Cay",55571.3952422391
"Allan Cay",82043.3428754138
"Great Sale Cay",44769.7412944178
"Old Yankee Land",62137.0951606074
"Grand Cay",65782.2545342388
"Little Tobago",19155.0084435454
"Union",17890.6700274212
"Mayreau",11167.055292176
"Mustique",15763.4384771892
"Baliceaux",11936.75403291
"A Quatre",6598.34445148955
"Terre de Haut",116793.673885354
"Caja de Muertos",36959.988271389
"Saint Martin/Sint Maarten",17039.9433566878
"Tintamarre",13231.7001566091
"Cayo Luis Pena",23318.7108054045
"de Culebra",26738.1440681971
"Norman",4706.86742559562
"Water",3666.24123397198
"Cayo Norte",30816.1075940365
"Cooper",8428.68170353381
"Great Thatch",5313.10468957089
"Hans Lollik",6363.7225546275
"Navassa",244369.480174485
"Beef",10202.6237549298
"Jost Van Dyke",12057.7012001934
"Guana",8354.95864447764
"Great Camanoe",11474.9813634618
"Virgin Gorda",23849.0382235044
"Anegada",45575.768753956
"Little Ambergris Cay",70925.3113954763
"Big Ambergris Cay",73061.2284359692
"Salt Cay",99871.8831198986
"Cotton Cay.1",101687.883395691
"Turks and Caicos",62416.1268009765
"South Caicos",61799.9797802148
"West Caicos",24299.9318662655
"Mangrove Cay.1",13077.3067335029
"Little Water & Pine Cay",15182.0473999721
"Dellis Cay",11347.3801494485
"Plana Cays",42962.0774743916
"Plana Cays.1",53438.491076389
"Andros.33",63414.7211822307
"Andros.34",63327.272371569
"Brigantine Cay",29083.1929734656
"Andros.35",63556.1972956492
"Andros.36",57711.0781775831
"Andros.37",53767.9632486036
"Andros.38",54269.042676722
"Andros.39",53302.7267689255
"Andros.41",54497.8901785681
"Andros.42",51052.495248254
"Little Bells Cay",89510.7954656301
"Rose",20944.2448896057
"Joulter Cays",77783.7725128854
"Joulter Cays.1",79514.807673713
"Big Mangrove Cay",52576.6929341106
"West End Cay",58148.5321162717
"Strangers Cay",61814.3720564006
