Species,Native,areas,Log areas
Anolis carolinensis,"Alabama, Dauphin Island",4562500,15.33338128
Anolis carolinensis,Anguilla,22000000,16.90655301
Anolis gingivinus,Anguilla,22000000,16.90655301
Anolis pogus,Anguilla,22000000,16.90655301
Anolis nubilus,Antigua,301187500,19.52324355
Anolis wattsii,Antigua,301187500,19.52324355
Anolis leachii,Antigua,301187500,19.52324355
Anolis lineatus,Aruba,189562500,19.06022934
Anolis carolinensis,"Bahamas, Acklins Island",523000000,20.07509202
Anolis carolinensis,"Bahamas, Andros Island",5957000000,22.50783284
Anolis smaragdinus,"Bahamas, Andros Island",5957000000,22.50783284
Anolis angusticeps,"Bahamas, Andros Island",5957000000,22.50783284
Anolis distichus,"Bahamas, Andros Island",5957000000,22.50783284
Anolis carolinensis,"Bahamas, Cat Island",433687500,19.88783479
Anolis smaragdinus,"Bahamas, Cat Island",433687500,19.88783479
Anolis distichus,"Bahamas, Cat Island",433687500,19.88783479
Anolis carolinensis,"Bahamas, Crooked Island",298125000,19.51302342
Anolis brunneus,"Bahamas, Crooked Island",298125000,19.51302342
Anolis sagrei,"Bahamas, Crooked Island",298125000,19.51302342
Anolis smaragdinus,"Bahamas, Eleuthera Island",528125000,20.08484356
Anolis angusticeps,"Bahamas, Eleuthera Island",528125000,20.08484356
Anolis distichus,"Bahamas, Eleuthera Island",528125000,20.08484356
Anolis smaragdinus,"Bahamas, Grand Bahama Island",1.20E+09,20.90558739
Anolis sagrei,"Bahamas, Grand Bahama Island",1.20E+09,20.90558739
Anolis smaragdinus,"Bahamas, Great Exuma Island",2.12E+08,19.17209683
Anolis sagrei,"Bahamas, Great Exuma Island",2.12E+08,19.17209683
Anolis scriptus,"Bahamas, Great Inagua Island",1.77E+09,21.29424538
Anolis scriptus,"Bahamas, Little Inagua Island",1.53E+08,18.84594848
Anolis smaragdinus,"Bahamas, Long Island",5.96E+08,20.20575123
Anolis distichus,"Bahamas, Long Island",5.96E+08,20.20575123
Anolis scriptus,"Bahamas, Mayaguana Island",3.36E+08,19.63262172
Anolis distichus,"Bahamas, Mayaguana Island",3.36E+08,19.63262172
Anolis carolinensis,"Bahamas, New Providence Island",2.64E+08,19.39145966
Anolis smaragdinus,"Bahamas, New Providence Island",2.64E+08,19.39145966
Anolis angusticeps,"Bahamas, New Providence Island",2.64E+08,19.39145966
Anolis distichus,"Bahamas, New Providence Island",2.64E+08,19.39145966
Anolis sagrei,"Bahamas, New Providence Island",2.64E+08,19.39145966
Anolis smaragdinus,"Bahamas, San Salvador Island",1.81E+08,19.01400759
Anolis distichus,"Bahamas, San Salvador Island",1.81E+08,19.01400759
Anolis sagrei,"Bahamas, San Salvador Island",180500000,19.01124134
Anolis extremus,Barbados,459187500,19.94496918
Anolis wattsii,Barbuda,151187500,18.83403135
Anolis leachii,Barbuda,151187500,18.83403135
Anolis sagrei,"Belize, Ambergris Cay",1437500,14.17841605
Anolis grahami,Bermuda,57000000,17.85856183
Anolis bonairensis,Bonaire,255312500,19.35799884
Anolis maynardii,"Cayman Islands, Cayman Brac",44312500,17.60677736
Anolis maynardii,"Cayman Islands, Grand Cayman",228562500,19.24732025
Anolis maynardii,"Cayman Islands, Little Cayman",33625000,17.3307804
Anolis sagrei,"Cayman Islands, Little Cayman",33625000,17.3307804
Anolis alfaroi,Cuba,1.22E+11,25.52728688
Anolis carolinensis,Cuba,1.22E+11,25.52728688
Anolis imias,Cuba,1.22E+11,25.52728688
Anolis bartschi,Cuba,1.22E+11,25.52728688
Anolis isolepis,Cuba,1.22E+11,25.52728688
Anolis alutaceus,Cuba,1.22E+11,25.52728688
Anolis chamaeleonides,Cuba,1.22E+11,25.52728688
Anolis argillaceus,Cuba,1.22E+11,25.52728688
Anolis rejectus,Cuba,1.22E+11,25.52728688
Anolis mestrei,Cuba,1.22E+11,25.52728688
Anolis paternus,Cuba,1.22E+11,25.52728688
Anolis baracoae,Cuba,1.22E+11,25.52728688
Anolis garridoi,Cuba,1.22E+11,25.52728688
Anolis barbatus,Cuba,1.22E+11,25.52728688
Anolis bremeri,Cuba,1.22E+11,25.52728688
Anolis porcus  ,Cuba,1.22E+11,25.52728688
Anolis quadriocellifer,Cuba,1.22E+11,25.52728688
Anolis confusus  ,Cuba,1.22E+11,25.52728688
Anolis allogus,Cuba,1.22E+11,25.52728688
Anolis macilentus,Cuba,1.22E+11,25.52728688
Anolis angusticeps,Cuba,1.22E+11,25.52728688
Anolis porcatus ,Cuba,1.22E+11,25.52728688
Anolis smallwoodi,Cuba,1.22E+11,25.52728688
Anolis vermiculatus,Cuba,1.22E+11,25.52728688
Anolis argenteolus,Cuba,1.22E+11,25.52728688
Anolis ahli,Cuba,1.22E+11,25.52728688
Anolis alayoni,Cuba,1.22E+11,25.52728688
Anolis altitudinalis,Cuba,1.22E+11,25.52728688
Anolis noblei  ,Cuba,1.22E+11,25.52728688
Anolis guamuhaya,Cuba,1.22E+11,25.52728688
Anolis allisoni ,Cuba,1.22E+11,25.52728688
Anolis guazuma,Cuba,1.22E+11,25.52728688
Anolis sagrei,Cuba,1.22E+11,25.52728688
Anolis grahami,Cuba,1.22E+11,25.52728688
Anolis angusticeps,"Cuba, Cayo Coco",321875000,19.58967383
Anolis porcatus ,"Cuba, Cayo Coco",321875000,19.58967383
Anolis allisoni ,"Cuba, Cayo Coco",321875000,19.58967383
Anolis sagrei,"Cuba, Cayo Coco",321875000,19.58967383
Anolis ophiolepis,"Cuba, Isla de la Juventura",2419000000,21.60662007
Anolis bremeri,"Cuba, Isla de la Juventura",2419000000,21.60662007
Anolis angusticeps,"Cuba, Isla de la Juventura",2419000000,21.60662007
Anolis porcatus ,"Cuba, Isla de la Juventura",2419000000,21.60662007
Anolis sagrei,"Cuba, Isla de la Juventura",2419000000,21.60662007
Anolis paternus,"Cuba, Isla de la Juventura",2419000000,21.60662007
Anolis lineatus,Curacao,451750000,19.92863949
Anolis ravitergum,Dominican Republic,83104562500,25.14336544
Anolis longitibialis,Dominican Republic,83104562500,25.14336544
Anolis insolitus,Dominican Republic,83104562500,25.14336544
Anolis chlorocyanus,Dominican Republic,83104562500,25.14336544
Anolis olssoni,Dominican Republic,83104562500,25.14336544
Anolis bahorucoensis,Dominican Republic,83104562500,25.14336544
Anolis dominicensis ,Dominican Republic,83104562500,25.14336544
Anolis cybotes,Dominican Republic,83104562500,25.14336544
Anolis saxatilis,Dominican Republic,83104562500,25.14336544
Anolis barahonae,Dominican Republic,83104562500,25.14336544
Anolis porcatus ,Dominican Republic,83104562500,25.14336544
Anolis christophei,Dominican Republic,83104562500,25.14336544
Anolis fowleri,Dominican Republic,83104562500,25.14336544
Anolis armouri,Dominican Republic,83104562500,25.14336544
Anolis brevirostris ,Dominican Republic,83104562500,25.14336544
Anolis marcanoi,Dominican Republic,83104562500,25.14336544
Anolis baleatus,Dominican Republic,83104562500,25.14336544
Anolis ignigularis,Dominican Republic,83104562500,25.14336544
Anolis properus,Dominican Republic,83104562500,25.14336544
Anolis coelestinus,Dominican Republic,83104562500,25.14336544
Anolis carolinensis,"Florida, Big Pine Key",34687500,17.36188995
Anolis carolinensis,"Florida, Hutchinson Island",38250000,17.45965412
Anolis carolinensis,"Florida, Key West",25187500,17.0418584
Anolis carolinensis,"Florida, Long Key",6687500,15.71575067
Anolis carolinensis,"Florida, Sanibel Island",67750000,18.03133502
Anolis carolinensis,"Florida, Sugarloaf Key",9500000,16.06680236
Anolis gorgonae ,Gorgona Island,26000000,17.0736071
Anolis carolinensis,Grand Cayman,228562500,19.24732025
Anolis conspersus,Grand Cayman,228562500,19.24732025
Anolis aeneus,Grenada,329750000,19.61384535
Anolis richardii,Grenada,329750000,19.61384535
Anolis aeneus,"Grenadines, Bequia",16937500,16.64504066
Anolis richardii,"Grenadines, Bequia",16937500,16.64504066
Anolis aeneus,"Grenadines, Canouan",8125000,15.91045629
Anolis monticola,Haiti,83104562500,25.14336544
Anolis marron,Haiti,83104562500,25.14336544
Anolis darlingtoni,Haiti,83104562500,25.14336544
Anolis chlorocyanus,Haiti,83104562500,25.14336544
Anolis olssoni,Haiti,83104562500,25.14336544
Anolis bahorucoensis,Haiti,83104562500,25.14336544
Anolis vinosus,Haiti,83104562500,25.14336544
Anolis dominicensis ,Haiti,83104562500,25.14336544
Anolis websteri,Haiti,83104562500,25.14336544
Anolis cybotes,Haiti,83104562500,25.14336544
Anolis caudalis ,Haiti,83104562500,25.14336544
Anolis saxatilis,Haiti,83104562500,25.14336544
Anolis barahonae,Haiti,83104562500,25.14336544
Anolis christophei,Haiti,83104562500,25.14336544
Anolis armouri,Haiti,83104562500,25.14336544
Anolis brevirostris ,Haiti,83104562500,25.14336544
Anolis koopmani ,Haiti,83104562500,25.14336544
Anolis coelestinus,Haiti,83104562500,25.14336544
Anolis favillarum,Hispaniola,83104562500,25.14336544
Anolis hendersoni,Hispaniola,83104562500,25.14336544
Anolis distichus,Hispaniola,83104562500,25.14336544
Anolis bicaorum,"Honduras, Islas de la Bahia/Utila/Roatan",44988093,17.62190841
Anolis desechensis,Isla de Desecheo,1525503,14.23783475
Anolis opalinus,Jamaica,12225750000,23.22681022
Anolis grahami,Jamaica,12225750000,23.22681022
Anolis reconditus,Jamaica,12225750000,23.22681022
Anolis sagrei,Jamaica,12225750000,23.22681022
Anolis roquet,Martinique,1190000000,20.89721914
Anolis carolinensis,"Mississippi, Horn Island",54875000,17.82056843
Anolis lividus,Montserrat,112375000,18.53735205
Anolis nubilus,Montserrat,112375000,18.53735205
Anolis wattsii,Nevis,103625000,18.45628917
Anolis schwartzi,Nevis,103625000,18.45628917
Anolis ernestwilliamsi,Peter Island,7200000,15.78959158
Anolis poncensis,Puerto Rico,9710687500,22.99649292
Anolis gundlachi,Puerto Rico,9710687500,22.99649292
Anolis evermanni,Puerto Rico,9710687500,22.99649292
Anolis pulchellus,Puerto Rico,9710687500,22.99649292
Anolis occultus,Puerto Rico,9710687500,22.99649292
Anolis krugi,Puerto Rico,9710687500,22.99649292
Anolis cuvieri,Puerto Rico,9710687500,22.99649292
Anolis monensis,"Puerto Rico, Isla de Mona",55814244,17.83753966
Anolis pulchellus,"Puerto Rico, Vieques Island",348094000,19.66798312
Anolis pulchellus,"US Virgin Islands, Saint Croix",187500,12.14153412
Anolis schwartzi,Saint Eustatius,22812500,16.94281919
Anolis pulchellus,"US Virgin Islands, Saint John",51800000,17.76290071
Anolis wattsii,Saint Kitts,173995000,18.97453712
Anolis schwartzi,Saint Kitts,173995000,18.97453712
Anolis luciae,Saint Lucia,643812500,20.28291809
Anolis extremus,Saint Lucia,643812500,20.28291809
Anolis wattsii,Saint Martin,88060000,18.29352896
Anolis pogus,Saint Martin,88060000,18.29352896
Anolis pulchellus,"US Virgin Islands, Saint Thomas",82880000,18.23290434
Anolis aeneus,Saint Vincent,344986000,19.65901439
Anolis griseus  ,Saint Vincent,344986000,19.65901439
Anolis richardii,Saint Vincent,344986000,19.65901439
Anolis gingivinus,Saint Barthelemy,21000000,16.860033
Anolis gingivinus,Saint Martin,88060000,18.29352896
Anolis carolinensis,"Texas, Galveston Island",139312500,18.75223017
Anolis richardii,Tobago,314250000,19.56569941
Anolis pulchellus,"British Virgin Islands, Tortola",309375000,19.55006469
Anolis planiceps,Trinidad,5024062500,22.33750471
Anolis scriptus,"Turks and Caicos, Grand Caicos",144211000,18.78678806
Anolis scriptus,"Turks and Caicos, North Caicos Island",240937500,19.30004812
Anolis scriptus,"Turks and Caicos, Providenciales Island",126000000,18.65179246
Anolis acutus,"US Virgin Islands, Saint Croix",187500,12.14153412
