island_name,dist_mainland_m
Cayo Media Luna,581188.007
Cuba,199548.5715
Cayo Güincho,566338.2384
Cayo Moa Grande,758644.5341
Cayo Algodón Grande,491719.1363
Cayo Punta de los Machos,456536.94
Cayo Balandras,453857.4266
Cayo Providencia,451561.1067
Hog Cay,579614.3528
Margaret Cay,574853.9476
Cayo Antón Chico,400481.2553
Cayo Romano,384405.4524
Cayo Salinas,335726.1441
Cayo El Sapo,346441.8177
Cotton Cay,213547.6439
Anguilla Cay,204529.8026
Cayos Pingues,546310.9385
Cayo Guanal,417647.64
Cayos de la Enfermeria,261511.787
Las Picus,246516.4563
Cayo Esquivel del Sur,240861.5824
Cayo Empalizada de Sotavento,237185.9069
Hispaniola,575123.2721
Juventud,374150.5913
Long,538956.4691
Acklins,707663.8645
Cayo Coco,356317.8276
Cayo Las Caguamas,556127.9332
Cayo Piedra Grande,526120.3322
Cayo Punta Iguna,547788.1163
Cayo Miraflores,518137.2572
Cayo Mangle Alto,501915.7332
Cayo Grande,491679.8407
Cayo Guásimas,449725.1089
Cayo Ávalos,412296.5483
Cayo Hicacos,415930.4807
Cayo Matías,418813.2557
Cayo Campos,411753.6513
Cayo Palma,411688.6145
Cayo Rico,393423.205
Cayo Rabihorcado,412270.2979
Cayo Cantiles,398233.455
Cayo Estopa,393563.8526
Cayo del Rosario,392925.7614
Cayo Divisa de Piedra,389324.538
Cayo Largo,383030.0941
Cayo San Juan,403927.4721
Cayo Sifonte,492292.9408
Cayo Guao,491215.6691
Cayo Doña María,396271.9904
Cayo Traviesa,369644.0214
Cayo de Navío,391158.7354
Cayo Guajaba,471935.878
Cayo Quitasol,388955.9108
Cayo Montañés,470282.1585
Cayo La Alegría,467363.1462
Cayo Coco.1,353526.2679
Cayo Real,335157.792
Cayo Flamenco,347864.0484
Cayo Rancho de Cándido,343694.5648
Cayo Redondo,385505.4651
Cayo Alacrán Chico,380972.0521
Cayo Ernest Thaelmann,342106.9163
Cayo Diego Pérez,343692.9908
Cayo Los Machos,441384.2158
Cayo de la Pipa,381734.1154
Cayo Juan Ruíz,341806.632
Little Ragged Island,589552.2177
Cayo del Masío,333618.8808
Ragged Island,583268.252
Cayo La Grifa,366314.2449
Cayo Cuarto,363162.0366
Cayo Judas,396584.3922
Cayo Cruz,418947.3192
Cayo Mégano Grande,410987.741
Raccoon Cay,565640.5998
Cayo de Buenavista,268430.1753
Cayo Antón Grande,395237.234
Bonavista Cay,561525.9823
Cayo Lucas,331384.0586
Cayo La Aguada,329155.454
Nurse Cay,558368.6219
Cayo Paredón Grande,385820.7544
Cayo Mal País,319860.9821
Cayo Rapado Grande,281243.5287
Cayo Boca Ciega,328720.0247
Cayo Diego,292858.3176
Cayo Botella,347564.9263
Cayo Pueblo Viejo,321776.5091
Cayo Guzmán,324663.4805
Cayo La Potala,318011.771
Cayo Guillermo,342457.4101
Cayo Iguana,326878.5695
Cayo Tío Pepe,318309.9581
Cayo Punta Tierra del Guzmán,320191.4344
Cayo La Vieja Pepilla,322163.8923
Cayo Francés,314668.5091
Cayo Majá,319933.1659
Long Cay,681459.6283
Cayo Redondo.1,348829.3101
Cayo Coruita,354801.7173
Cayo Fragoso,283564.638
Cayo Inés de Soto,343869.726
Cayo del Medio de Marcos,280906.7662
Crooked Island,671058.8587
Cayo Marcos,275389.9425
Cayo Levisa,349308.1274
Cayo Lanzanillo,263724.4596
Cayo Tumba la Olla,257910.1696
Cayo Los Quitasoles,258877.118
Cayo Hachuela,256076.1991
Cayo Mariposa,253589.5844
Cayo de la Cruz,250595.6092
Cayo Las Picúas,243130.4799
Cayo Iguana.1,246790.9197
Los Conucos,241067.8535
Cayo del Cristo,245533.2629
Cayo Piedra del Obispo,232887.2623
Cayo La Yana,230010.7291
Cayo Blanquizal,224829.0436
Cayo Genovés,218287.321
Conch Cay,570853.7394
Cayo Bahía de Cádiz,218202.513
Cayo Cabezos,215301.4533
Cayo Anclitas,514293.8416
Cayo Grande.1,487289.33
Cayo Grande.2,485952.735
Cayos Cinco Balas,476600.3898
Cayos Cinco Balas.1,476142.5696
Cayos Cinco Balas.2,469420.9951
Cayos Cinco Balas.3,469732.9591
Cayos los Cayuelos,421658.8606
Cayos Aguardiente,411739.2861
Cayos Aguardiente.1,409588.1162
Cayo Coco.2,410679.6645
Cayo del Pasaje,391976.9073
Cayo San Juan.1,407119.7493
Cayos Boca de Alonso,405175.9631
Cayo de los Indios,376264.0376
Cayos de San Felipe,345760.9611
Cayo Grande.3,385303.2564
Cayo Grande.4,383598.906
Cayo Grande.5,384175.0303
Castle,710199.5305
Cayo Rapado Chico,278438.6999
Cayos de la Herradura,326525.6093
Cayo Jutias,294932.3967
Cayeria Las Cayamas,315756.3249
Cayeria Las Cayamas.1,314590.7561
Cayeria Las Cayamas.2,312441.6024
Cayo Santa Maria,318180.6297
Cayos Pajonal,273390.6649
Cayo Medano de Casiguas,341544.2728
Cayos Jutias,259789.5823
Cayos Dromedarios,257487.2354
Cayos de las Cinco Leguas,221065.1087
Long.1,576378.5134
Long.2,573362.8961
Long.3,578557.6085
Cayos Falcones,218481.3038
Long.4,573570.2444
Cayos Blancos,212370.6212
Cayo Boca Seca,549540.7471
Cayo Puerco,600317.0612
Maycock Cay,577113.7996
Cayo Los Cayuelos,337155.6572
Flamingo Cay,530988.1779
Isla Beata,567848.1186
Île à Vache,657969.1584
Isla Saona,674960.8412
Île Grosse Caye,669106.4054
Isla Catalina,693565.6954
Île Corny,708881.795
Petite Cayemite,723266.2841
Grande Cayemite,718675.7535
Île de la Gonâve,707628.1736
Jamaica,626105.2464
Great Goat Island,723264.8836
Puerto Rico,707385.8379
Pineros,823785.9042
Trinidad,14075.68493
Gaspar Grande,24721.78944
Chacachacare,14057.46719
Monos,20310.96668
North Andros,203355.1668
Yellow Cay,262421.2649
High Ridge Cay,281396.2256
Middle Bight Cay,280532.5842
Reids Cay,271419.6311
Pine Tree Cay,269282.3158
Madiera Cay,286635.5825
Pine Cay,273453.1978
Pot Cay,279126.2166
Big Wood Cay,280034.1927
Williams Island,204317.8882
Andros,275997.0361
Andros.1,269362.0808
Andros.2,280808.9733
Andros.3,272029.1691
Andros.4,286329.6415
Andros.5,274743.3588
Andros.6,274965.973
Andros.7,228146.6382
Andros.8,225197.1872
Andros.9,211464.1434
Andros.10,255247.2628
Andros.11,214315.2371
Andros.12,215050.1945
Andros.13,211915.3252
Andros.14,255754.6223
Andros.15,215824.5046
Andros.16,262930.6352
Great Inagua,829602.6736
South Andros,298968.7899
Linder Cay,298499.1725
Andros.17,308679.0241
Andros.18,323538.0122
Andros.19,313155.9969
Andros.20,309507.818
Andros.21,326872.9539
Andros.22,312657.869
Andros.23,307181.3517
Andros.24,307411.0426
Andros.25,301135.0607
Andros.26,302907.3001
Andros.27,295907.9964
Andros.28,302827.9254
Andros.29,296668.3523
Andros.30,299222.5827
Andros.31,297855.9917
Andros.32,300892.2646
Martinique,420829.0671
Great Abaco,220832.971
Gorda Cay,253801.2206
Top Cay,247642.4761
Mangrove Cay,247150.4446
Moore?s Island,246281.7734
Tilloo Cay,303145.0364
Lubbers Quarters,302215.5143
Long Cay.1,219685.4123
Dilly Cay,299954.5822
Lightbourn?s Cay,213327.8839
Big Lake Cay,266711.9248
Great Guana Cay,285505.6986
Green Turtle Cay,268544.7227
Basin Harbour Cay,252025.6609
Nun Jack Cay,263995.6089
Randalls Cay,248794.2076
Powell Cay,254245.9176
Wood Cay,271869.9818
Great Abaco.1,276730.411
Great Abaco.2,277492.7182
Great Abaco.3,272332.3368
Great Abaco.4,281645.115
Great Abaco.5,279625.118
Great Abaco.6,274084.8498
Great Abaco.7,279323.0005
Great Abaco.8,277099.7214
Great Abaco.9,277347.4335
Great Abaco.10,274499.1811
Great Abaco.11,276743.3732
Great Abaco.12,275452.7842
Great Abaco.13,279963.1163
Great Abaco.14,267876.5664
Great Abaco.15,280259.6695
Great Abaco.16,276716.2574
Great Abaco.17,271021.1068
Great Abaco.18,276034.1302
Great Abaco.19,281739.3316
Big Cross Cay,220168.6171
Michael's Cay,216673.228
Big Coppice Mangrove,267659.2845
Big Joe Downer Cay,258482.1063
Scotland Cay,294018.0863
Little Joe Downer Cay,258300.3043
Grand Bahama,103940.9897
August Cay,210073.0605
Man o? War Cay,110047.994
Water Cay,152312.5863
Grand Bahama.1,125581.8704
Grand Bahama.2,124579.9543
Grand Bahama.3,127617.845
Grand Bahama.4,126502.4658
Sweetings Cay,212514.847
Jackson's Cay,215484.3932
Grand Bahama.5,140439.0805
Grand Bahama.6,154438.8558
The Bahamas,210997.5222
Guadeloupe,579123.9365
Marie Galante,573578.4748
Îlet à Fajou,623449.5426
Dominica,499877.3849
Saint Lucia,345012.3664
Hog Cay.1,542659.2431
Rum Cay Island,575272.4716
Crooked,719153.5507
Acklins.1,720159.3136
Barbados,358487.1054
Eleuthera,337565.4203
Current Island,333172.8996
Harbour Island,351269.7759
Russel Island,333791.7844
Cat,457358.263
St Vincent,275144.7005
Grenada,139153.9835
Tobago,121603.8733
Mayaguana,801933.9549
Grand Turk,1000382.236
Antigua,695859.3244
Long Island,712684.5404
New Providence,273383.6251
Paradise Island,291988.5332
St. Croix,785369.6502
Great Exuma,469747.7297
Coakley Cay,487672.6157
Bowe Cay,491737.3694
Little Exuma,520205.1264
Jewfish Cay,493451.627
Moriah Harbour Cay,518343.5612
Stocking Island,504897.5551
Green Turtle Cay.1,501854.3813
Great Exuma.1,502025.2414
Great Exuma.2,478336.3074
Great Exuma.3,474190.1826
North Caicos,927409.1962
Middle Caicos,947610.4376
Parrot Cay,925878.0512
North Caicos.1,939477.2194
North Caicos.2,939978.4031
Grand Cayman,489297.6182
East Caicos,974816.6217
East Caicos.1,992261.5684
Tortue,847649.6676
Barbuda,756605.569
Barbuda.1,768107.848
St Kitts,718710.5546
San Salvador,596482.987
Viegues,811634.9544
Little Inagua,856577.004
Montserrat,660583.294
Ronde Island,175497.9241
Petite Martinique,204038.9161
Carriacou Island,192919.4299
Terre-de-Bas,567554.653
Terre de Bas,608874.3589
La Désirade,622814.5249
Nevis,705534.7312
Sint Eustatius,747190.459
Saba Island,765474.6027
Île Saint-Barthélemy,792811.9212
Anguilla,825465.3964
Dog Island,838420.2818
Scrub Island,837207.059
Little Cayman,600727.4469
Cayman Brac Island,609050.7275
Samana Cay,707041.521
Cayo Blanco,208709.1661
Cayo Galindo,206694.1295
Cayo Cruz del Padre,209197.5639
Hog Cay.2,536551.7525
Cay Sal,165532.7304
Allen Cay,459842.0612
Lee Stocking Island,463160.3913
Norman?s Pond Cay,460361.3578
Bock Cay,456410.6618
Young Island,453367.2214
Conception Island,550769.155
Darby Island,448891.0495
Rudder Cut Cay,445530.7942
Cave Cay,441896.5258
Big Farmer?s Cay,437152.3006
Green Cay,352030.5127
Great Guana Cay.1,420648.2344
Bitter Guana Cay,417588.6243
Staniel Cay,413876.172
Big Major?s Spot,412101.5801
Spanish Wells,271677.6917
Sampson Cay,408335.0134
Pipe Cay,403488.531
Compass Cay,401691.7774
Bell Island,396740.4448
Halls Pond Cay,391424.5877
Waderick Wells Cay,385727.1159
Hawksbill Cay,368428.2351
Shroud Cay,365246.7992
Shroud Cay.1,364409.0808
Little San Salvador,440184.0865
Norman?s Cay Island,358159.9146
Gold Cay,199654.5254
Highbourn Cay,353615.9352
Ship Channel Cay,350317.7831
Bird Cay,235030.5536
Frazer?s Hog Cay,227185.6617
Whale Cay,238043.7029
Bonds Cay,242454.2885
Royal Island,327586.373
Little Harbour Cay,241790.0291
Hoffman Cay,238738.6407
Ambergris Cay,229218.4176
South Bimini Cay,83571.86649
North Bimini,83516.88099
Bamboo Cay,222799.1441
Great Stirrup Cay,219932.5366
Elbow Cay,304118.2488
Upper Sandy Harbour,153078.8499
Big Cross Cay.1,208817.6308
Cross Cays,207604.8041
Little Cave Cay,211927.1385
Allan Cay,234837.0312
Great Sale Cay,181505.9517
Old Yankee Land,202636.0785
Grand Cay,174169.0722
Little Tobago,161982.8721
Union,210314.3363
Mayreau,216325.9366
Canouan,224718.0453
Mustique,247065.9309
Baliceaux,257202.8036
A Quatre,254402.6301
Bequia,258218.5432
Terre de Haut,569212.5396
Caja de Muertos,735926.1441
Mona,691269.7049
Saint Martin/Sint Maarten,807626.6728
Tintamarre,819271.9291
Cayo Luis Pena,844854.2596
de Culebra,846087.6664
Culebrita,852665.8811
Norman,853597.2404
Water,855943.1857
St. Thomas,854815.3819
Cayo Norte,852824.9309
Peter,855650.074
St. John,853234.0015
Desecheo,740630.3687
Cooper,859163.2916
Great Thatch,862610.9291
Ginger,860669.4994
Hans Lollik,864479.623
Navassa,751889.456
Beef,866100.5624
Tortola,862332.561
Jost Van Dyke,868576.1015
Guana,870470.7496
Great Camanoe,869445.3514
Virgin Gorda,865224.9448
Anegada,893366.3856
Little Ambergris Cay,984193.6484
Big Ambergris Cay,983638.1285
Salt Cay,986662.0257
Cotton Cay.1,993163.7882
Turks and Caicos,995475.9821
South Caicos,994762.7372
West Caicos,901169.1366
Mangrove Cay.1,923739.8893
Providenciales,904444.1807
Little Water & Pine Cay,922662.0926
Dellis Cay,926038.5708
Plana Cays,749443.9717
Plana Cays.1,754551.0071
Andros.33,323194.5891
Andros.34,324097.7567
Brigantine Cay,462119.1502
Andros.35,329038.9629
Andros.36,315690.8968
Andros.37,309751.8438
Andros.38,312976.7065
Andros.39,312866.6694
Andros.40,312248.3013
Andros.41,321980.5719
Andros.42,309456.3516
Little Bells Cay,398863.2754
Rose,301201.1376
Long Cay.2,209612.3391
Joulter Cays,208586.7262
Joulter Cays.1,207626.6334
Lynyard Cay,305015.5118
The Bahamas.1,152104.4833
Big Mangrove Cay,211319.2392
West End Cay,208084.8551
Strangers Cay,195996.7309
