"datasetKey","n"
"040c5662-da76-4782-a48e-cdea1892d14c",2
"07c05cd7-b1c9-415b-8509-de846838e402",1
"09c4287e-e6d5-4552-a07f-bff8a00833d8",71
"1b98c4ee-a3ec-477c-a27e-40a213174b84",61
"1c5c3e48-7fc0-4d4f-96e6-c4df2c747f34",1
"1ecab9f8-97e3-4f89-b356-5c18dc35c2ab",132
"22eb997f-9eef-44ce-851d-1c5aeb6ffc2b",4
"26098c25-8f7f-4c71-97ac-1d3db181c65e",3
"2fba9985-ac30-46cb-99bf-91ccde0d8d2f",1
"395dfaad-8b0d-47e2-a2ea-bf8a3fd5c10c",2
"410461b6-368c-4970-8cb5-c043c28c08dd",1
"4bfac3ea-8763-4f4b-a71a-76a6f5f243d3",750
"50c9509d-22c7-4a22-a47d-8c48425ef4a7",2331
"64be02e0-0c64-11dd-84d1-b8a03c50a862",1
"65dfe059-f1c1-4ec9-9a05-d6877a1d2842",2
"69cfc2db-6fc5-4fdb-886c-5c393dc252eb",1
"69e6b4f5-8200-4929-8a3b-8aa7ec163bd7",3
"6ac3f774-d9fb-4796-b3e9-92bf6c81c084",4
"6bbe3b85-6fb8-47ea-9e42-ec9acb97c13c",1
"6d27080f-ed47-48e2-90e8-cdebaba11a03",1
"6ed43f52-25d1-4d56-a821-63a8564b81f6",2
"7247dc2e-b862-4555-b533-7701d183271b",6
"74f92761-3a24-4d85-9bfb-00b1fee0119d",18
"76dd8f0d-2daa-4a69-9fcd-55e04230334a",55
"78f98484-a7ef-4e6c-8b51-7464f1209591",14
"7a25f7aa-03fb-4322-aaeb-66719e1a9527",38
"7f6dd0f7-9ed4-49c0-bb71-b2a9c7fed9f1",25
"8138eb72-f762-11e1-a439-00145eb45e9a",1
"821cc27a-e3bb-4bc5-ac34-89ada245069d",637
"832b8188-f762-11e1-a439-00145eb45e9a",20
"833d9852-071b-42a6-acf8-01841ebf2ce3",1
"84b4d6e4-f762-11e1-a439-00145eb45e9a",1
"852628c6-f762-11e1-a439-00145eb45e9a",12
"861d3d64-f762-11e1-a439-00145eb45e9a",16
"86594bf6-f762-11e1-a439-00145eb45e9a",6
"8935e64a-f762-11e1-a439-00145eb45e9a",3
"8a863029-f435-446a-821e-275f4f641165",34
"8e479b8f-ac16-4bed-a11a-bc7e27c31663",204
"91aa3d5b-6f77-4135-a823-cef438a60dfa",2
"9661bc40-f762-11e1-a439-00145eb45e9a",2
"a8ee9bc6-5914-427d-9fba-f8545250ac34",76
"aad97542-a068-449d-adb3-a8e937f64cb4",1
"abf9b70d-8d79-4444-ba75-7aa8039f55bc",2
"b6015b60-6f96-43a9-88e5-2f41854e8f07",1
"bb5b30b4-827e-4d5e-a86a-825d65cb6583",2
"bcf8d1fc-6bf0-4f57-9076-7d9ae2828ec2",14
"bd702991-e1e7-4770-b8ba-aecd8bdf9e63",8
"be87cbf5-5d0a-49db-b909-67cd3c6df24e",5
"c287bcb5-ee4a-456f-86b6-dae0e6fe7958",19
"cece4fc2-1fec-4bb5-a335-7252548e3f0b",164
"d22e84ea-9d91-4c2a-afec-dee11a1b20fe",5
"d4f0993a-0f72-445e-8d5c-1b685e5268b1",6
"d5fafa95-7de2-48c0-bf10-3480bcca4a2b",9
"d8cd16ba-bb74-4420-821e-083f2bac17c2",139
"dce00a1f-f6b4-4e11-9771-92c62c40ad80",998
"dea05a0f-6245-4adc-9e76-c1335033b6f8",5
"f553f8f9-b147-4f09-86e5-0d1ce1a91ce0",2
"fb639e31-52eb-4998-afb1-984ee12aca0f",130
"feabb867-931d-47af-b90a-1a6d1410050b",1
